full_path,domain,label_prod_code,splimprint,is_front
D:/ePillID_data/ePillID_data\classification_data\fcn_mix_weight/dr_224/00056-0176-70_PART_1_OF_1_CHAL10_SB_99134CAA.jpg,reference,56-176,2;1;2;COUMADIN,False
D:/ePillID_data/ePillID_data\classification_data\fcn_mix_weight/dr_224/00056-0176-70_PART_1_OF_1_CHAL10_SF_99134CAA.jpg,reference,56-176,2;1;2;COUMADIN,True
D:/ePillID_data/ePillID_data\classification_data\fcn_mix_weight/dr_224/00093-0147-01_PART_1_OF_1_CHAL10_SB_212990BC.jpg,reference,93-147,93;147,False
D:/ePillID_data/ePillID_data\classification_data\fcn_mix_weight/dr_224/00093-0147-01_PART_1_OF_1_CHAL10_SF_212990BC.jpg,reference,93-147,93;147,True
D:/ePillID_data/ePillID_data\classification_data\fcn_mix_weight/dr_224/00093-2931-01_PART_1_OF_1_CHAL10_SB_4A2B2559.jpg,reference,93-2931,N11,False
D:/ePillID_data/ePillID_data\classification_data\fcn_mix_weight/dr_224/00093-2931-01_PART_1_OF_1_CHAL10_SF_4A2B2559.jpg,reference,93-2931,N11,True
D:/ePillID_data/ePillID_data\classification_data\fcn_mix_weight/dr_224/00093-5062-05_PART_1_OF_1_CHAL10_SB_942D4A5A.jpg,reference,93-5062,TV;309,False
D:/ePillID_data/ePillID_data\classification_data\fcn_mix_weight/dr_224/00093-5062-05_PART_1_OF_1_CHAL10_SF_942D4A5A.jpg,reference,93-5062,TV;309,True
D:/ePillID_data/ePillID_data\classification_data\fcn_mix_weight/dr_224/00172-5240-60_PART_1_OF_1_CHAL10_SB_A12DD0FE.jpg,reference,172-5240,5240;1;mg,False
D:/ePillID_data/ePillID_data\classification_data\fcn_mix_weight/dr_224/00172-5240-60_PART_1_OF_1_CHAL10_SF_A12DD0FE.jpg,reference,172-5240,5240;1;mg,True
D:/ePillID_data/ePillID_data\classification_data\fcn_mix_weight/dr_224/00378-1140-01_PART_1_OF_1_CHAL10_SB_B8235C0A.jpg,reference,378-1140,M;B1,False
D:/ePillID_data/ePillID_data\classification_data\fcn_mix_weight/dr_224/00378-1140-01_PART_1_OF_1_CHAL10_SF_B8235C0A.jpg,reference,378-1140,M;B1,True
D:/ePillID_data/ePillID_data\classification_data\fcn_mix_weight/dr_224/00378-6231-01_PART_1_OF_1_CHAL10_SB_6B2135D9.jpg,reference,378-6231,MX31,False
D:/ePillID_data/ePillID_data\classification_data\fcn_mix_weight/dr_224/00378-6231-01_PART_1_OF_1_CHAL10_SF_6B2135D9.jpg,reference,378-6231,MX31,True
D:/ePillID_data/ePillID_data\classification_data\fcn_mix_weight/dr_224/00555-0323-02_PART_1_OF_1_CHAL10_SB_E72B73EB.jpg,reference,555-323,barr;323;25,False
D:/ePillID_data/ePillID_data\classification_data\fcn_mix_weight/dr_224/00555-0323-02_PART_1_OF_1_CHAL10_SF_E72B73EB.jpg,reference,555-323,barr;323;25,True
D:/ePillID_data/ePillID_data\classification_data\fcn_mix_weight/dr_224/00555-0980-37_PART_1_OF_1_CHAL10_SB_96304B32.jpg,reference,555-980,b;980,False
D:/ePillID_data/ePillID_data\classification_data\fcn_mix_weight/dr_224/00555-0980-37_PART_1_OF_1_CHAL10_SF_96304B32.jpg,reference,555-980,b;980,True
D:/ePillID_data/ePillID_data\classification_data\fcn_mix_weight/dr_224/50111-0326-01_PART_1_OF_1_CHAL10_SB_9C2F4E4A.jpg,reference,50111-326,PLIVA;326,False
D:/ePillID_data/ePillID_data\classification_data\fcn_mix_weight/dr_224/50111-0326-01_PART_1_OF_1_CHAL10_SF_9C2F4E4A.jpg,reference,50111-326,PLIVA;326,True
D:/ePillID_data/ePillID_data\classification_data\fcn_mix_weight/dr_224/50111-0901-01_PART_1_OF_1_CHAL10_SB_8B3245D2.jpg,reference,50111-901,PA1000,False
D:/ePillID_data/ePillID_data\classification_data\fcn_mix_weight/dr_224/50111-0901-01_PART_1_OF_1_CHAL10_SF_8B3245D2.jpg,reference,50111-901,PA1000,True
D:/ePillID_data/ePillID_data\classification_data\fcn_mix_weight/dr_224/51672-4032-01_PART_1_OF_1_CHAL10_SB_E52672E3.jpg,reference,51672-4032,5;WARFARIN;TARO,False
D:/ePillID_data/ePillID_data\classification_data\fcn_mix_weight/dr_224/51672-4032-01_PART_1_OF_1_CHAL10_SF_E52672E3.jpg,reference,51672-4032,5;WARFARIN;TARO,True
D:/ePillID_data/ePillID_data\classification_data\fcn_mix_weight/dr_224/63459-0416-30_PART_1_OF_1_CHAL10_SB_8F2D47EA.jpg,reference,63459-416,C;416,False
D:/ePillID_data/ePillID_data\classification_data\fcn_mix_weight/dr_224/63459-0416-30_PART_1_OF_1_CHAL10_SF_8F2D47EA.jpg,reference,63459-416,C;416,True
D:/ePillID_data/ePillID_data\classification_data\segmented_nih_pills_224/0004-0259_0_0.jpg,reference,4-259,CellCept;250;Roche,True
D:/ePillID_data/ePillID_data\classification_data\segmented_nih_pills_224/0004-0259_0_1.jpg,reference,4-259,CellCept;250;Roche,False
D:/ePillID_data/ePillID_data\classification_data\segmented_nih_pills_224/0093-5552_0_0.jpg,reference,93-5552,TEVA;5552,True
D:/ePillID_data/ePillID_data\classification_data\segmented_nih_pills_224/0093-5552_0_1.jpg,reference,93-5552,TEVA;5552,False
D:/ePillID_data/ePillID_data\classification_data\segmented_nih_pills_224/0173-0644_0_0.jpg,reference,173-644,LAMICTAL;200,True
D:/ePillID_data/ePillID_data\classification_data\segmented_nih_pills_224/0173-0644_0_1.jpg,reference,173-644,LAMICTAL;200,False
D:/ePillID_data/ePillID_data\classification_data\segmented_nih_pills_224/0173-0809_0_0.jpg,reference,173-809,GZ;7CZ,True
D:/ePillID_data/ePillID_data\classification_data\segmented_nih_pills_224/0173-0809_0_1.jpg,reference,173-809,GZ;7CZ,False
D:/ePillID_data/ePillID_data\classification_data\segmented_nih_pills_224/0378-2302_0_0.jpg,reference,378-2302,MYLAN;2302,True
D:/ePillID_data/ePillID_data\classification_data\segmented_nih_pills_224/0378-2302_0_1.jpg,reference,378-2302,MYLAN;2302,False
D:/ePillID_data/ePillID_data\classification_data\segmented_nih_pills_224/0456-2020_0_0.jpg,reference,456-2020,F;L;20,True
D:/ePillID_data/ePillID_data\classification_data\segmented_nih_pills_224/0456-2020_0_1.jpg,reference,456-2020,F;L;20,False
D:/ePillID_data/ePillID_data\classification_data\segmented_nih_pills_224/0555-0171_0_0.jpg,reference,555-171,b;171,True
D:/ePillID_data/ePillID_data\classification_data\segmented_nih_pills_224/0555-0171_0_1.jpg,reference,555-171,b;171,False
D:/ePillID_data/ePillID_data\classification_data\segmented_nih_pills_224/0555-1054_0_0.jpg,reference,555-1054,barr;934,True
D:/ePillID_data/ePillID_data\classification_data\segmented_nih_pills_224/0555-1054_0_1.jpg,reference,555-1054,barr;934,False
D:/ePillID_data/ePillID_data\classification_data\segmented_nih_pills_224/0603-0024_0_0.jpg,reference,603-24,AZ013,True
D:/ePillID_data/ePillID_data\classification_data\segmented_nih_pills_224/0603-0024_0_1.jpg,reference,603-24,AZ013,False
D:/ePillID_data/ePillID_data\classification_data\segmented_nih_pills_224/0615-7622_0_0.jpg,reference,615-7622,93;7386;93;7386,True
D:/ePillID_data/ePillID_data\classification_data\segmented_nih_pills_224/0615-7622_0_1.jpg,reference,615-7622,93;7386;93;7386,False
D:/ePillID_data/ePillID_data\classification_data\segmented_nih_pills_224/0615-7916_0_0.jpg,reference,615-7916,93;11,True
D:/ePillID_data/ePillID_data\classification_data\segmented_nih_pills_224/0615-7916_0_1.jpg,reference,615-7916,93;11,False
D:/ePillID_data/ePillID_data\classification_data\segmented_nih_pills_224/10544-533_0_0.jpg,reference,10544-533,PLIVA;441,True
D:/ePillID_data/ePillID_data\classification_data\segmented_nih_pills_224/10544-533_0_1.jpg,reference,10544-533,PLIVA;441,False
D:/ePillID_data/ePillID_data\classification_data\segmented_nih_pills_224/15338-100_0_0.jpg,reference,15338-100,west;ward;3142,True
D:/ePillID_data/ePillID_data\classification_data\segmented_nih_pills_224/15338-100_0_1.jpg,reference,15338-100,west;ward;3142,False
D:/ePillID_data/ePillID_data\classification_data\segmented_nih_pills_224/16714-571_0_0.jpg,reference,16714-571,B;50,True
D:/ePillID_data/ePillID_data\classification_data\segmented_nih_pills_224/16714-571_0_1.jpg,reference,16714-571,B;50,False
D:/ePillID_data/ePillID_data\classification_data\segmented_nih_pills_224/21130-198_0_0.jpg,reference,21130-198,44;198,True
D:/ePillID_data/ePillID_data\classification_data\segmented_nih_pills_224/21130-198_0_1.jpg,reference,21130-198,44;198,False
D:/ePillID_data/ePillID_data\classification_data\segmented_nih_pills_224/21695-800_0_0.jpg,reference,21695-800,SZ467,True
D:/ePillID_data/ePillID_data\classification_data\segmented_nih_pills_224/21695-800_0_1.jpg,reference,21695-800,SZ467,False
D:/ePillID_data/ePillID_data\classification_data\segmented_nih_pills_224/50090-0152_0_0.jpg,reference,50090-152,GG21,True
D:/ePillID_data/ePillID_data\classification_data\segmented_nih_pills_224/50090-0152_0_1.jpg,reference,50090-152,GG21,False
D:/ePillID_data/ePillID_data\classification_data\segmented_nih_pills_224/50090-0800_0_0.jpg,reference,50090-800,3671,True
D:/ePillID_data/ePillID_data\classification_data\segmented_nih_pills_224/50090-0800_0_1.jpg,reference,50090-800,3671,False
D:/ePillID_data/ePillID_data\classification_data\segmented_nih_pills_224/50268-087_0_0.jpg,reference,50268-87,I;94,True
D:/ePillID_data/ePillID_data\classification_data\segmented_nih_pills_224/50268-087_0_1.jpg,reference,50268-87,I;94,False
D:/ePillID_data/ePillID_data\classification_data\segmented_nih_pills_224/50268-636_0_0.jpg,reference,50268-636,KU;180,True
D:/ePillID_data/ePillID_data\classification_data\segmented_nih_pills_224/50268-636_0_1.jpg,reference,50268-636,KU;180,False
D:/ePillID_data/ePillID_data\classification_data\segmented_nih_pills_224/50436-4777_0_0.jpg,reference,50436-4777,PLIVA;456,True
D:/ePillID_data/ePillID_data\classification_data\segmented_nih_pills_224/50436-4777_0_1.jpg,reference,50436-4777,PLIVA;456,False
D:/ePillID_data/ePillID_data\classification_data\segmented_nih_pills_224/52125-190_0_0.jpg,reference,52125-190,93;148,True
D:/ePillID_data/ePillID_data\classification_data\segmented_nih_pills_224/52125-190_0_1.jpg,reference,52125-190,93;148,False
D:/ePillID_data/ePillID_data\classification_data\segmented_nih_pills_224/53808-0551_0_0.jpg,reference,53808-551,P;20,True
D:/ePillID_data/ePillID_data\classification_data\segmented_nih_pills_224/53808-0551_0_1.jpg,reference,53808-551,P;20,False
D:/ePillID_data/ePillID_data\classification_data\segmented_nih_pills_224/54458-927_0_0.jpg,reference,54458-927,TEVA;771,True
D:/ePillID_data/ePillID_data\classification_data\segmented_nih_pills_224/54458-927_0_1.jpg,reference,54458-927,TEVA;771,False
D:/ePillID_data/ePillID_data\classification_data\segmented_nih_pills_224/54868-6190_0_0.jpg,reference,54868-6190,WATSON;411;100;mg,True
D:/ePillID_data/ePillID_data\classification_data\segmented_nih_pills_224/54868-6190_0_1.jpg,reference,54868-6190,WATSON;411;100;mg,False
D:/ePillID_data/ePillID_data\classification_data\segmented_nih_pills_224/55289-016_0_0.jpg,reference,55289-16,2103;V,True
D:/ePillID_data/ePillID_data\classification_data\segmented_nih_pills_224/55289-016_0_1.jpg,reference,55289-16,2103;V,False
D:/ePillID_data/ePillID_data\classification_data\segmented_nih_pills_224/55700-001_0_0.jpg,reference,55700-1,WATSON;657,True
D:/ePillID_data/ePillID_data\classification_data\segmented_nih_pills_224/55700-001_0_1.jpg,reference,55700-1,WATSON;657,False
D:/ePillID_data/ePillID_data\classification_data\segmented_nih_pills_224/59762-4440_0_0.jpg,reference,59762-4440,MEDROL;4,True
D:/ePillID_data/ePillID_data\classification_data\segmented_nih_pills_224/59762-4440_0_1.jpg,reference,59762-4440,MEDROL;4,False
D:/ePillID_data/ePillID_data\classification_data\segmented_nih_pills_224/61786-235_0_0.jpg,reference,61786-235,184,True
D:/ePillID_data/ePillID_data\classification_data\segmented_nih_pills_224/61786-235_0_1.jpg,reference,61786-235,184,False
D:/ePillID_data/ePillID_data\classification_data\segmented_nih_pills_224/61786-549_0_0.jpg,reference,61786-549,M;3,True
D:/ePillID_data/ePillID_data\classification_data\segmented_nih_pills_224/61786-549_0_1.jpg,reference,61786-549,M;3,False
D:/ePillID_data/ePillID_data\classification_data\segmented_nih_pills_224/63187-402_0_0.jpg,reference,63187-402,TV;1003;5;5;5,True
D:/ePillID_data/ePillID_data\classification_data\segmented_nih_pills_224/63187-402_0_1.jpg,reference,63187-402,TV;1003;5;5;5,False
D:/ePillID_data/ePillID_data\classification_data\segmented_nih_pills_224/65597-114_0_0.jpg,reference,65597-114,C51,True
D:/ePillID_data/ePillID_data\classification_data\segmented_nih_pills_224/65597-114_0_1.jpg,reference,65597-114,C51,False
D:/ePillID_data/ePillID_data\classification_data\segmented_nih_pills_224/66116-518_0_0.jpg,reference,66116-518,4357;150,True
D:/ePillID_data/ePillID_data\classification_data\segmented_nih_pills_224/66116-518_0_1.jpg,reference,66116-518,4357;150,False
D:/ePillID_data/ePillID_data\classification_data\segmented_nih_pills_224/66336-028_0_0.jpg,reference,66336-28,I36,True
D:/ePillID_data/ePillID_data\classification_data\segmented_nih_pills_224/66336-028_0_1.jpg,reference,66336-28,I36,False
D:/ePillID_data/ePillID_data\classification_data\segmented_nih_pills_224/68151-4488_0_0.jpg,reference,68151-4488,LILLY;3239;60;mg,True
D:/ePillID_data/ePillID_data\classification_data\segmented_nih_pills_224/68151-4488_0_1.jpg,reference,68151-4488,LILLY;3239;60;mg,False
D:/ePillID_data/ePillID_data\classification_data\segmented_nih_pills_224/69189-0201_0_0.jpg,reference,69189-201,E;45,True
D:/ePillID_data/ePillID_data\classification_data\segmented_nih_pills_224/69189-0201_0_1.jpg,reference,69189-201,E;45,False
D:/ePillID_data/ePillID_data\classification_data\segmented_nih_pills_224/69189-0413_0_0.jpg,reference,69189-413,256,True
D:/ePillID_data/ePillID_data\classification_data\segmented_nih_pills_224/69189-0413_0_1.jpg,reference,69189-413,256,False
D:/ePillID_data/ePillID_data\classification_data\fcn_mix_weight/dc_224/1040.jpg,consumer,781-1452,GG771,False
D:/ePillID_data/ePillID_data\classification_data\fcn_mix_weight/dc_224/1054.jpg,consumer,67253-902,S902,True
D:/ePillID_data/ePillID_data\classification_data\fcn_mix_weight/dc_224/1086.jpg,consumer,832-1025,832;BC20,False
D:/ePillID_data/ePillID_data\classification_data\fcn_mix_weight/dc_224/109.jpg,consumer,63010-27,V;625,False
D:/ePillID_data/ePillID_data\classification_data\fcn_mix_weight/dc_224/1197.jpg,consumer,49884-401,P;401,False
D:/ePillID_data/ePillID_data\classification_data\fcn_mix_weight/dc_224/1257.jpg,consumer,51285-87,b;556,True
D:/ePillID_data/ePillID_data\classification_data\fcn_mix_weight/dc_224/1320.jpg,consumer,378-1807,M;L;7,False
D:/ePillID_data/ePillID_data\classification_data\fcn_mix_weight/dc_224/1345.jpg,consumer,74-7070,SYNTHROID;175,False
D:/ePillID_data/ePillID_data\classification_data\fcn_mix_weight/dc_224/1350.jpg,consumer,65862-12,A;1;7,False
D:/ePillID_data/ePillID_data\classification_data\fcn_mix_weight/dc_224/1351.jpg,consumer,172-4357,4357;150,False
D:/ePillID_data/ePillID_data\classification_data\fcn_mix_weight/dc_224/1443.jpg,consumer,63010-27,V;625,True
D:/ePillID_data/ePillID_data\classification_data\fcn_mix_weight/dc_224/1455.jpg,consumer,53489-648,Mutual;866,False
D:/ePillID_data/ePillID_data\classification_data\fcn_mix_weight/dc_224/1463.jpg,consumer,555-9012,b;942,False
D:/ePillID_data/ePillID_data\classification_data\fcn_mix_weight/dc_224/1498.jpg,consumer,93-2929,2929;93,True
D:/ePillID_data/ePillID_data\classification_data\fcn_mix_weight/dc_224/1522.jpg,consumer,49884-922,P02,False
D:/ePillID_data/ePillID_data\classification_data\fcn_mix_weight/dc_224/1528.jpg,consumer,63010-27,V;625,True
D:/ePillID_data/ePillID_data\classification_data\fcn_mix_weight/dc_224/1530.jpg,consumer,93-4068,TEVA;4068,True
D:/ePillID_data/ePillID_data\classification_data\fcn_mix_weight/dc_224/1535.jpg,consumer,51285-87,b;556,True
D:/ePillID_data/ePillID_data\classification_data\fcn_mix_weight/dc_224/1561.jpg,consumer,93-1062,93;62,True
D:/ePillID_data/ePillID_data\classification_data\fcn_mix_weight/dc_224/1586.jpg,consumer,65597-701,Sankyo;C01,True
D:/ePillID_data/ePillID_data\classification_data\fcn_mix_weight/dc_224/1624.jpg,consumer,93-4068,TEVA;4068,True
D:/ePillID_data/ePillID_data\classification_data\fcn_mix_weight/dc_224/1640.jpg,consumer,59762-5011,G;5011,True
D:/ePillID_data/ePillID_data\classification_data\fcn_mix_weight/dc_224/1655.jpg,consumer,65862-12,A;1;7,False
D:/ePillID_data/ePillID_data\classification_data\fcn_mix_weight/dc_224/1666.jpg,consumer,93-2929,2929;93,True
D:/ePillID_data/ePillID_data\classification_data\fcn_mix_weight/dc_224/1721.jpg,consumer,93-1062,93;62,False
D:/ePillID_data/ePillID_data\classification_data\fcn_mix_weight/dc_224/1727.jpg,consumer,93-149,TEVA;149,True
D:/ePillID_data/ePillID_data\classification_data\fcn_mix_weight/dc_224/1728.jpg,consumer,456-457,A;TC,True
D:/ePillID_data/ePillID_data\classification_data\fcn_mix_weight/dc_224/1742.jpg,consumer,51285-87,b;556,True
D:/ePillID_data/ePillID_data\classification_data\fcn_mix_weight/dc_224/1786.jpg,consumer,93-926,926;TEVA,True
D:/ePillID_data/ePillID_data\classification_data\fcn_mix_weight/dc_224/1795.jpg,consumer,78-359,NVR;DX,True
D:/ePillID_data/ePillID_data\classification_data\fcn_mix_weight/dc_224/1801.jpg,consumer,93-1016,93;16,True
D:/ePillID_data/ePillID_data\classification_data\fcn_mix_weight/dc_224/1819.jpg,consumer,93-11,93;11,True
D:/ePillID_data/ePillID_data\classification_data\fcn_mix_weight/dc_224/1841.jpg,consumer,93-4068,TEVA;4068,True
D:/ePillID_data/ePillID_data\classification_data\fcn_mix_weight/dc_224/1850.jpg,consumer,50111-433,PLIVA;433,True
D:/ePillID_data/ePillID_data\classification_data\fcn_mix_weight/dc_224/1851.jpg,consumer,555-1022,barr;24;mg;1022,True
D:/ePillID_data/ePillID_data\classification_data\fcn_mix_weight/dc_224/1932.jpg,consumer,65862-12,A;1;7,False
D:/ePillID_data/ePillID_data\classification_data\fcn_mix_weight/dc_224/1974.jpg,consumer,50111-468,PLIVA;468,False
D:/ePillID_data/ePillID_data\classification_data\fcn_mix_weight/dc_224/1995.jpg,consumer,93-7350,93;7350;93;7350,False
D:/ePillID_data/ePillID_data\classification_data\fcn_mix_weight/dc_224/20.jpg,consumer,93-154,93;154,False
D:/ePillID_data/ePillID_data\classification_data\fcn_mix_weight/dc_224/2004.jpg,consumer,93-7219,93;7219,False
D:/ePillID_data/ePillID_data\classification_data\fcn_mix_weight/dc_224/2053.jpg,consumer,555-9012,b;942,True
D:/ePillID_data/ePillID_data\classification_data\fcn_mix_weight/dc_224/2055.jpg,consumer,93-5140,93;5140,False
D:/ePillID_data/ePillID_data\classification_data\fcn_mix_weight/dc_224/2081.jpg,consumer,65862-12,A;1;7,True
D:/ePillID_data/ePillID_data\classification_data\fcn_mix_weight/dc_224/2096.jpg,consumer,781-1452,GG771,True
D:/ePillID_data/ePillID_data\classification_data\fcn_mix_weight/dc_224/2105.jpg,consumer,832-1025,832;BC20,True
D:/ePillID_data/ePillID_data\classification_data\fcn_mix_weight/dc_224/2118.jpg,consumer,93-3002,93;3002;93;3002,False
D:/ePillID_data/ePillID_data\classification_data\fcn_mix_weight/dc_224/2133.jpg,consumer,93-11,93;11,False
D:/ePillID_data/ePillID_data\classification_data\fcn_mix_weight/dc_224/2159.jpg,consumer,78-359,NVR;DX,True
D:/ePillID_data/ePillID_data\classification_data\fcn_mix_weight/dc_224/2164.jpg,consumer,93-11,93;11,True
D:/ePillID_data/ePillID_data\classification_data\fcn_mix_weight/dc_224/2166.jpg,consumer,93-2929,2929;93,True
D:/ePillID_data/ePillID_data\classification_data\fcn_mix_weight/dc_224/2167.jpg,consumer,51285-595,OP;701,True
D:/ePillID_data/ePillID_data\classification_data\fcn_mix_weight/dc_224/2190.jpg,consumer,65597-701,Sankyo;C01,True
D:/ePillID_data/ePillID_data\classification_data\fcn_mix_weight/dc_224/2204.jpg,consumer,555-9012,b;942,False
D:/ePillID_data/ePillID_data\classification_data\fcn_mix_weight/dc_224/222.jpg,consumer,172-4366,4366;TEVA,False
D:/ePillID_data/ePillID_data\classification_data\fcn_mix_weight/dc_224/2224.jpg,consumer,93-5712,5712;5;500,True
D:/ePillID_data/ePillID_data\classification_data\fcn_mix_weight/dc_224/2252.jpg,consumer,93-1062,93;62,True
D:/ePillID_data/ePillID_data\classification_data\fcn_mix_weight/dc_224/2260.jpg,consumer,50111-468,PLIVA;468,False
D:/ePillID_data/ePillID_data\classification_data\fcn_mix_weight/dc_224/2286.jpg,consumer,93-1016,93;16,True
D:/ePillID_data/ePillID_data\classification_data\fcn_mix_weight/dc_224/2320.jpg,consumer,49884-401,P;401,True
D:/ePillID_data/ePillID_data\classification_data\fcn_mix_weight/dc_224/2325.jpg,consumer,59762-5011,G;5011,True
D:/ePillID_data/ePillID_data\classification_data\fcn_mix_weight/dc_224/2355.jpg,consumer,456-1550,FL;50,False
D:/ePillID_data/ePillID_data\classification_data\fcn_mix_weight/dc_224/2373.jpg,consumer,93-7238,TEVA;7238,True
D:/ePillID_data/ePillID_data\classification_data\fcn_mix_weight/dc_224/2376.jpg,consumer,555-9012,b;942,False
D:/ePillID_data/ePillID_data\classification_data\fcn_mix_weight/dc_224/2378.jpg,consumer,172-4357,4357;150,False
D:/ePillID_data/ePillID_data\classification_data\fcn_mix_weight/dc_224/2398.jpg,consumer,456-1550,FL;50,True
D:/ePillID_data/ePillID_data\classification_data\fcn_mix_weight/dc_224/240.jpg,consumer,93-149,TEVA;149,False
D:/ePillID_data/ePillID_data\classification_data\fcn_mix_weight/dc_224/2403.jpg,consumer,781-1452,GG771,True
D:/ePillID_data/ePillID_data\classification_data\fcn_mix_weight/dc_224/247.jpg,consumer,93-1062,93;62,True
D:/ePillID_data/ePillID_data\classification_data\fcn_mix_weight/dc_224/2477.jpg,consumer,555-139,b8;139,False
D:/ePillID_data/ePillID_data\classification_data\fcn_mix_weight/dc_224/2521.jpg,consumer,51285-595,OP;701,True
D:/ePillID_data/ePillID_data\classification_data\fcn_mix_weight/dc_224/2533.jpg,consumer,93-149,TEVA;149,False
D:/ePillID_data/ePillID_data\classification_data\fcn_mix_weight/dc_224/2553.jpg,consumer,555-1022,barr;24;mg;1022,True
D:/ePillID_data/ePillID_data\classification_data\fcn_mix_weight/dc_224/2560.jpg,consumer,93-4068,TEVA;4068,False
D:/ePillID_data/ePillID_data\classification_data\fcn_mix_weight/dc_224/2586.jpg,consumer,50111-468,PLIVA;468,True
D:/ePillID_data/ePillID_data\classification_data\fcn_mix_weight/dc_224/259.jpg,consumer,93-39,9;3;39,False
D:/ePillID_data/ePillID_data\classification_data\fcn_mix_weight/dc_224/2594.jpg,consumer,50111-468,PLIVA;468,True
D:/ePillID_data/ePillID_data\classification_data\fcn_mix_weight/dc_224/261.jpg,consumer,93-7236,93;7236,False
D:/ePillID_data/ePillID_data\classification_data\fcn_mix_weight/dc_224/2643.jpg,consumer,172-4366,4366;TEVA,True
D:/ePillID_data/ePillID_data\classification_data\fcn_mix_weight/dc_224/2650.jpg,consumer,49884-401,P;401,False
D:/ePillID_data/ePillID_data\classification_data\fcn_mix_weight/dc_224/2685.jpg,consumer,93-149,TEVA;149,True
D:/ePillID_data/ePillID_data\classification_data\fcn_mix_weight/dc_224/2710.jpg,consumer,93-39,9;3;39,False
D:/ePillID_data/ePillID_data\classification_data\fcn_mix_weight/dc_224/2726.jpg,consumer,93-1016,93;16,False
D:/ePillID_data/ePillID_data\classification_data\fcn_mix_weight/dc_224/278.jpg,consumer,378-1110,MYLAN;G2,False
D:/ePillID_data/ePillID_data\classification_data\fcn_mix_weight/dc_224/2783.jpg,consumer,50111-433,PLIVA;433,True
D:/ePillID_data/ePillID_data\classification_data\fcn_mix_weight/dc_224/2797.jpg,consumer,555-139,b8;139,False
D:/ePillID_data/ePillID_data\classification_data\fcn_mix_weight/dc_224/28.jpg,consumer,74-6122,FI,True
D:/ePillID_data/ePillID_data\classification_data\fcn_mix_weight/dc_224/280.jpg,consumer,51285-595,OP;701,False
D:/ePillID_data/ePillID_data\classification_data\fcn_mix_weight/dc_224/2857.jpg,consumer,555-9027,b;978,True
D:/ePillID_data/ePillID_data\classification_data\fcn_mix_weight/dc_224/2938.jpg,consumer,93-926,926;TEVA,True
D:/ePillID_data/ePillID_data\classification_data\fcn_mix_weight/dc_224/2974.jpg,consumer,555-1022,barr;24;mg;1022,True
D:/ePillID_data/ePillID_data\classification_data\fcn_mix_weight/dc_224/2986.jpg,consumer,59762-5011,G;5011,False
D:/ePillID_data/ePillID_data\classification_data\fcn_mix_weight/dc_224/2997.jpg,consumer,50111-433,PLIVA;433,True
D:/ePillID_data/ePillID_data\classification_data\fcn_mix_weight/dc_224/3052.jpg,consumer,51285-87,b;556,False
D:/ePillID_data/ePillID_data\classification_data\fcn_mix_weight/dc_224/3080.jpg,consumer,65597-701,Sankyo;C01,True
D:/ePillID_data/ePillID_data\classification_data\fcn_mix_weight/dc_224/3089.jpg,consumer,93-7236,93;7236,True
D:/ePillID_data/ePillID_data\classification_data\fcn_mix_weight/dc_224/312.jpg,consumer,93-2929,2929;93,False
D:/ePillID_data/ePillID_data\classification_data\fcn_mix_weight/dc_224/3128.jpg,consumer,93-7219,93;7219,True
D:/ePillID_data/ePillID_data\classification_data\fcn_mix_weight/dc_224/3137.jpg,consumer,59762-5011,G;5011,False
D:/ePillID_data/ePillID_data\classification_data\fcn_mix_weight/dc_224/3142.jpg,consumer,555-9027,b;978,False
D:/ePillID_data/ePillID_data\classification_data\fcn_mix_weight/dc_224/3162.jpg,consumer,555-9028,b;247,True
D:/ePillID_data/ePillID_data\classification_data\fcn_mix_weight/dc_224/3205.jpg,consumer,555-9028,b;247,True
D:/ePillID_data/ePillID_data\classification_data\fcn_mix_weight/dc_224/3211.jpg,consumer,93-5140,93;5140,False
D:/ePillID_data/ePillID_data\classification_data\fcn_mix_weight/dc_224/3215.jpg,consumer,93-1016,93;16,True
D:/ePillID_data/ePillID_data\classification_data\fcn_mix_weight/dc_224/327.jpg,consumer,93-320,93;320,True
D:/ePillID_data/ePillID_data\classification_data\fcn_mix_weight/dc_224/3296.jpg,consumer,50111-307,PA;307,True
D:/ePillID_data/ePillID_data\classification_data\fcn_mix_weight/dc_224/3298.jpg,consumer,50111-433,PLIVA;433,True
D:/ePillID_data/ePillID_data\classification_data\fcn_mix_weight/dc_224/3347.jpg,consumer,93-926,926;TEVA,True
D:/ePillID_data/ePillID_data\classification_data\fcn_mix_weight/dc_224/3372.jpg,consumer,781-1452,GG771,True
D:/ePillID_data/ePillID_data\classification_data\fcn_mix_weight/dc_224/339.jpg,consumer,93-3002,93;3002;93;3002,True
D:/ePillID_data/ePillID_data\classification_data\fcn_mix_weight/dc_224/3399.jpg,consumer,93-39,9;3;39,False
D:/ePillID_data/ePillID_data\classification_data\fcn_mix_weight/dc_224/3402.jpg,consumer,93-154,93;154,False
D:/ePillID_data/ePillID_data\classification_data\fcn_mix_weight/dc_224/3444.jpg,consumer,93-7236,93;7236,True
D:/ePillID_data/ePillID_data\classification_data\fcn_mix_weight/dc_224/346.jpg,consumer,172-4357,4357;150,True
D:/ePillID_data/ePillID_data\classification_data\fcn_mix_weight/dc_224/3461.jpg,consumer,49884-401,P;401,True
D:/ePillID_data/ePillID_data\classification_data\fcn_mix_weight/dc_224/3462.jpg,consumer,832-1025,832;BC20,True
D:/ePillID_data/ePillID_data\classification_data\fcn_mix_weight/dc_224/3474.jpg,consumer,555-9028,b;247,False
D:/ePillID_data/ePillID_data\classification_data\fcn_mix_weight/dc_224/3480.jpg,consumer,51285-406,E;1,True
D:/ePillID_data/ePillID_data\classification_data\fcn_mix_weight/dc_224/3489.jpg,consumer,172-4366,4366;TEVA,True
D:/ePillID_data/ePillID_data\classification_data\fcn_mix_weight/dc_224/3515.jpg,consumer,67253-902,S902,False
D:/ePillID_data/ePillID_data\classification_data\fcn_mix_weight/dc_224/3588.jpg,consumer,50111-307,PA;307,True
D:/ePillID_data/ePillID_data\classification_data\fcn_mix_weight/dc_224/3589.jpg,consumer,172-4357,4357;150,False
D:/ePillID_data/ePillID_data\classification_data\fcn_mix_weight/dc_224/3640.jpg,consumer,228-2634,634,False
D:/ePillID_data/ePillID_data\classification_data\fcn_mix_weight/dc_224/3650.jpg,consumer,555-9027,b;978,False
D:/ePillID_data/ePillID_data\classification_data\fcn_mix_weight/dc_224/3652.jpg,consumer,93-39,9;3;39,True
D:/ePillID_data/ePillID_data\classification_data\fcn_mix_weight/dc_224/3685.jpg,consumer,93-154,93;154,False
D:/ePillID_data/ePillID_data\classification_data\fcn_mix_weight/dc_224/3687.jpg,consumer,65597-701,Sankyo;C01,True
D:/ePillID_data/ePillID_data\classification_data\fcn_mix_weight/dc_224/3718.jpg,consumer,172-4366,4366;TEVA,False
D:/ePillID_data/ePillID_data\classification_data\fcn_mix_weight/dc_224/3790.jpg,consumer,93-7238,TEVA;7238,True
D:/ePillID_data/ePillID_data\classification_data\fcn_mix_weight/dc_224/3813.jpg,consumer,78-359,NVR;DX,True
D:/ePillID_data/ePillID_data\classification_data\fcn_mix_weight/dc_224/3827.jpg,consumer,93-7236,93;7236,False
D:/ePillID_data/ePillID_data\classification_data\fcn_mix_weight/dc_224/3856.jpg,consumer,78-359,NVR;DX,False
D:/ePillID_data/ePillID_data\classification_data\fcn_mix_weight/dc_224/3874.jpg,consumer,555-9028,b;247,True
D:/ePillID_data/ePillID_data\classification_data\fcn_mix_weight/dc_224/3902.jpg,consumer,49884-922,P02,False
D:/ePillID_data/ePillID_data\classification_data\fcn_mix_weight/dc_224/3964.jpg,consumer,456-457,A;TC,True
D:/ePillID_data/ePillID_data\classification_data\fcn_mix_weight/dc_224/3982.jpg,consumer,93-154,93;154,True
D:/ePillID_data/ePillID_data\classification_data\fcn_mix_weight/dc_224/4084.jpg,consumer,555-9027,b;978,False
D:/ePillID_data/ePillID_data\classification_data\fcn_mix_weight/dc_224/4105.jpg,consumer,93-926,926;TEVA,False
D:/ePillID_data/ePillID_data\classification_data\fcn_mix_weight/dc_224/413.jpg,consumer,53489-648,Mutual;866,True
D:/ePillID_data/ePillID_data\classification_data\fcn_mix_weight/dc_224/4142.jpg,consumer,93-7219,93;7219,False
D:/ePillID_data/ePillID_data\classification_data\fcn_mix_weight/dc_224/4170.jpg,consumer,53489-648,Mutual;866,True
D:/ePillID_data/ePillID_data\classification_data\fcn_mix_weight/dc_224/4230.jpg,consumer,228-2634,634,True
D:/ePillID_data/ePillID_data\classification_data\fcn_mix_weight/dc_224/4240.jpg,consumer,378-1807,M;L;7,False
D:/ePillID_data/ePillID_data\classification_data\fcn_mix_weight/dc_224/4241.jpg,consumer,93-7219,93;7219,False
D:/ePillID_data/ePillID_data\classification_data\fcn_mix_weight/dc_224/4255.jpg,consumer,93-4232,0;5;Z;4232,False
D:/ePillID_data/ePillID_data\classification_data\fcn_mix_weight/dc_224/4280.jpg,consumer,378-1807,M;L;7,False
D:/ePillID_data/ePillID_data\classification_data\fcn_mix_weight/dc_224/4329.jpg,consumer,50111-307,PA;307,True
D:/ePillID_data/ePillID_data\classification_data\fcn_mix_weight/dc_224/4376.jpg,consumer,93-7350,93;7350;93;7350,True
D:/ePillID_data/ePillID_data\classification_data\fcn_mix_weight/dc_224/4416.jpg,consumer,51285-406,E;1,True
D:/ePillID_data/ePillID_data\classification_data\fcn_mix_weight/dc_224/4441.jpg,consumer,378-1807,M;L;7,False
D:/ePillID_data/ePillID_data\classification_data\fcn_mix_weight/dc_224/4538.jpg,consumer,555-1022,barr;24;mg;1022,True
D:/ePillID_data/ePillID_data\classification_data\fcn_mix_weight/dc_224/4554.jpg,consumer,172-7311,50;mg,True
D:/ePillID_data/ePillID_data\classification_data\fcn_mix_weight/dc_224/4578.jpg,consumer,93-4232,0;5;Z;4232,False
D:/ePillID_data/ePillID_data\classification_data\fcn_mix_weight/dc_224/4583.jpg,consumer,172-7311,50;mg,True
D:/ePillID_data/ePillID_data\classification_data\fcn_mix_weight/dc_224/4599.jpg,consumer,93-5140,93;5140,True
D:/ePillID_data/ePillID_data\classification_data\fcn_mix_weight/dc_224/4604.jpg,consumer,93-7350,93;7350;93;7350,True
D:/ePillID_data/ePillID_data\classification_data\fcn_mix_weight/dc_224/4626.jpg,consumer,51285-406,E;1,True
D:/ePillID_data/ePillID_data\classification_data\fcn_mix_weight/dc_224/4666.jpg,consumer,228-2634,634,False
D:/ePillID_data/ePillID_data\classification_data\fcn_mix_weight/dc_224/4674.jpg,consumer,555-139,b8;139,False
D:/ePillID_data/ePillID_data\classification_data\fcn_mix_weight/dc_224/4745.jpg,consumer,93-5712,5712;5;500,True
D:/ePillID_data/ePillID_data\classification_data\fcn_mix_weight/dc_224/4794.jpg,consumer,93-3002,93;3002;93;3002,True
D:/ePillID_data/ePillID_data\classification_data\fcn_mix_weight/dc_224/4812.jpg,consumer,63010-27,V;625,False
D:/ePillID_data/ePillID_data\classification_data\fcn_mix_weight/dc_224/4844.jpg,consumer,51285-595,OP;701,True
D:/ePillID_data/ePillID_data\classification_data\fcn_mix_weight/dc_224/4910.jpg,consumer,93-3002,93;3002;93;3002,True
D:/ePillID_data/ePillID_data\classification_data\fcn_mix_weight/dc_224/4946.jpg,consumer,228-2634,634,False
D:/ePillID_data/ePillID_data\classification_data\fcn_mix_weight/dc_224/4948.jpg,consumer,832-1025,832;BC20,False
D:/ePillID_data/ePillID_data\classification_data\fcn_mix_weight/dc_224/4951.jpg,consumer,93-7238,TEVA;7238,False
D:/ePillID_data/ePillID_data\classification_data\fcn_mix_weight/dc_224/515.jpg,consumer,67253-902,S902,True
D:/ePillID_data/ePillID_data\classification_data\fcn_mix_weight/dc_224/563.jpg,consumer,93-7350,93;7350;93;7350,False
D:/ePillID_data/ePillID_data\classification_data\fcn_mix_weight/dc_224/599.jpg,consumer,53489-648,Mutual;866,True
D:/ePillID_data/ePillID_data\classification_data\fcn_mix_weight/dc_224/609.jpg,consumer,456-1550,FL;50,False
D:/ePillID_data/ePillID_data\classification_data\fcn_mix_weight/dc_224/628.jpg,consumer,93-11,93;11,True
D:/ePillID_data/ePillID_data\classification_data\fcn_mix_weight/dc_224/634.jpg,consumer,93-4232,0;5;Z;4232,False
D:/ePillID_data/ePillID_data\classification_data\fcn_mix_weight/dc_224/720.jpg,consumer,172-7311,50;mg,True
D:/ePillID_data/ePillID_data\classification_data\fcn_mix_weight/dc_224/743.jpg,consumer,378-1110,MYLAN;G2,True
D:/ePillID_data/ePillID_data\classification_data\fcn_mix_weight/dc_224/766.jpg,consumer,172-7311,50;mg,False
D:/ePillID_data/ePillID_data\classification_data\fcn_mix_weight/dc_224/770.jpg,consumer,93-7238,TEVA;7238,False
D:/ePillID_data/ePillID_data\classification_data\fcn_mix_weight/dc_224/795.jpg,consumer,456-1550,FL;50,False
D:/ePillID_data/ePillID_data\classification_data\fcn_mix_weight/dc_224/825.jpg,consumer,93-5140,93;5140,True
D:/ePillID_data/ePillID_data\classification_data\fcn_mix_weight/dc_224/942.jpg,consumer,93-320,93;320,False
D:/ePillID_data/ePillID_data\classification_data\fcn_mix_weight/dc_224/997.jpg,consumer,456-457,A;TC,True
D:/ePillID_data/ePillID_data\classification_data\fcn_mix_weight/dc_224/999.jpg,consumer,93-320,93;320,True
